gene1,gene2,FisherExactTest.p_value
ANKRD30A,KMT2C,0.040559441
ARID1A,KMT2C,0.040559441
KMT2C,TYRO3,0.025641026
KMT2C,MUC5B,0.031857032
KMT2C,RICTOR,0.031857032
KMT2C,UBR5,0.040559441
KMT2C,TTN,0.047247982
MYCBP2,TYRO3,0.029137529
SYNE1,TYRO3,0.040559441
TG,TYRO3,0.029137529
TP53,KMT2C,0.039458049
TYRO3,LAMA3,0.029137529
